Country Name,Diff 2008-2012
China,2167042993858.8496
India,478435340434.25
Brazil,283969953016.65015
Germany,80989960264.8999
Russian Federation,62870941278.430176
United Kingdom,6865298825.709961
